{
    "name":"splaytoraid",
    "vendorId":"0xCB00",
    "productId":"0x2004",
    "lighting": "vialrgb",
    "matrix":{
       "rows":6,
       "cols":10
    },
    "layouts":{
       "keymap":[
          [
             {
                "y":2.75,
                "x":6.35
             },
             "0,0\n\n\n\n\n\n\n\n\ne",
             "0,1\n\n\n\n\n\n\n\n\ne"
          ],
          [
             {
                "r":7,
                "rx":4.55,
                "y":0.8,
                "x":-3
             },
             "0,0"
          ],
          [
             {
                "y":-0.5,
                "x":-4
             },
             "5,0"
          ],
          [
             {
                "y":-0.4999999999999998,
                "x":-3
             },
             "2,0"
          ],
          [
             {
                "y":-0.5,
                "x":-4
             },
             "5,1"
          ],
          [
             {
                "y":-0.5,
                "x":-3
             },
             "4,0"
          ],
          [
             {
                "r":11,
                "y":-3.55,
                "x":-1.75
             },
             "0,1"
          ],
          [
             {
                "x":-1.75
             },
             "2,1"
          ],
          [
             {
                "x":-1.75
             },
             "4,1"
          ],
          [
             {
                "r":15,
                "y":-3.25,
                "x":-0.5499999999999998
             },
             "0,2"
          ],
          [
             {
                "y":-0.75,
                "x":0.4500000000000002
             },
             "0,3"
          ],
          [
             {
                "y":-0.75,
                "x":1.4500000000000002
             },
             "0,4"
          ],
          [
             {
                "y":-0.5,
                "x":-0.5499999999999998
             },
             "2,2"
          ],
          [
             {
                "y":-0.75,
                "x":0.4500000000000002
             },
             "2,3"
          ],
          [
             {
                "y":-0.75,
                "x":1.4500000000000002
             },
             "2,4"
          ],
          [
             {
                "y":-0.5,
                "x":-0.5499999999999998
             },
             "4,2"
          ],
          [
             {
                "y":-0.75,
                "x":0.4500000000000002
             },
             "4,3"
          ],
          [
             {
                "y":-0.75,
                "x":1.4500000000000002
             },
             "4,4"
          ],
          [
             {
                "r":18,
                "y":-0.10000000000000009,
                "x":0.35000000000000053
             },
             "5,2"
          ],
          [
             {
                "r":27,
                "y":-1.2500000000000004,
                "x":2
             },
             "5,3"
          ],
          [
             {
                "r":35,
                "y":-1.9500000000000002,
                "x":3.55,
                "h":1.5
             },
             "5,4"
          ],
          [
             {
                "r":-35,
                "rx":10.3,
                "y":2.15,
                "x":-4.700000000000001,
                "h":1.5
             },
             "5,5"
          ],
          [
             {
                "r":-27,
                "y":-0.04999999999999982,
                "x":-3.1500000000000004
             },
             "5,6"
          ],
          [
             {
                "r":-18,
                "y":-0.6999999999999997,
                "x":-1.5
             },
             "5,7"
          ],
          [
             {
                "r":-15,
                "y":-4.4,
                "x":-0.6000000000000014
             },
             "1,7"
          ],
          [
             {
                "y":-0.75,
                "x":-1.6000000000000014
             },
             "1,6"
          ],
          [
             {
                "y":-0.75,
                "x":-2.6000000000000005
             },
             "1,5"
          ],
          [
             {
                "y":-0.5,
                "x":-0.6000000000000014
             },
             "3,7"
          ],
          [
             {
                "y":-0.75,
                "x":-1.6000000000000014
             },
             "3,6"
          ],
          [
             {
                "y":-0.75,
                "x":-2.6000000000000005
             },
             "3,5"
          ],
          [
             {
                "y":-0.5,
                "x":-0.6000000000000014
             },
             "4,7"
          ],
          [
             {
                "y":-0.75,
                "x":-1.6000000000000014
             },
             "4,6"
          ],
          [
             {
                "y":-0.75,
                "x":-2.6000000000000005
             },
             "4,5"
          ],
          [
             {
                "r":-12,
                "y":-3.25,
                "x":0.5499999999999989
             },
             "1,8"
          ],
          [
             {
                "x":0.5499999999999989
             },
             "3,8"
          ],
          [
             {
                "x":0.5499999999999989
             },
             "4,8"
          ],
          [
             {
                "r":-8,
                "y":-2.45,
                "x":1.799999999999999
             },
             "1,9"
          ],
          [
             {
                "y":-0.4999999999999998,
                "x":2.799999999999999
             },
             "5,9"
          ],
          [
             {
                "y":-0.4999999999999998,
                "x":1.799999999999999
             },
             "3,9"
          ],
          [
             {
                "y":-0.5,
                "x":2.799999999999999
             },
             "5,8"
          ],
          [
             {
                "y":-0.5,
                "x":1.799999999999999
             },
             "4,9"
          ]
       ]
    }
 }
