{
    "name": "Re-gret",
    "vendorId": "0xCB00",
    "productId": "0xE9E8",
    "lighting": "qmk_rgblight",
    "matrix": {
        "rows": 8,
        "cols": 5
    },
    "layouts": {
        "keymap": [
            [
                {
                    "r": 10,
                    "rx": 7.5,
                    "ry": 5.25,
                    "y": -4.25,
                    "x": -6
                },
                "0,0"
            ],
            [
                {
                    "x": -6
                },
                "1,0"
            ],
            [
                {
                    "x": -6
                },
                "2,0"
            ],
            [
                {
                    "r": 13,
                    "y": -3.12,
                    "x": -5
                },
                "0,1"
            ],
            [
                {
                    "x": -5
                },
                "1,1"
            ],
            [
                {
                    "x": -5
                },
                "2,1"
            ],
            [
                {
                    "r": 15,
                    "y": -3.13,
                    "x": -4
                },
                "0,2"
            ],
            [
                {
                    "y": -0.6200000000000001,
                    "x": -3
                },
                "0,3"
            ],
            [
                {
                    "y": -0.8799999999999999,
                    "x": -2
                },
                "0,4"
            ],
            [
                {
                    "y": -0.5,
                    "x": -4
                },
                "1,2"
            ],
            [
                {
                    "y": -0.6200000000000001,
                    "x": -3
                },
                "1,3"
            ],
            [
                {
                    "y": -0.8799999999999999,
                    "x": -2
                },
                "1,4"
            ],
            [
                {
                    "y": -0.5,
                    "x": -4
                },
                "2,2"
            ],
            [
                {
                    "y": -0.6200000000000001,
                    "x": -3
                },
                "2,3"
            ],
            [
                {
                    "y": -0.8799999999999999,
                    "x": -2
                },
                "2,4"
            ],
            [
                {
                    "r": 17,
                    "rx": 6.5,
                    "ry": 4.1,
                    "y": -0.09999999999999964,
                    "x": -0.75
                },
                "3,3"
            ],
            [
                {
                    "r": 25,
                    "ry": 4.5,
                    "y": -0.5,
                    "x": 0.25
                },
                "3,4"
            ],
            [
                {
                    "r": -25,
                    "rx": 10.25,
                    "y": -0.5,
                    "x": -1.25
                },
                "7,4"
            ],
            [
                {
                    "r": -17,
                    "ry": 4.1,
                    "y": -0.09999999999999964,
                    "x": -0.25
                },
                "7,3"
            ],
            [
                {
                    "r": -15,
                    "rx": 9.25,
                    "ry": 5.25,
                    "y": -4.5,
                    "x": 3
                },
                "4,2"
            ],
            [
                {
                    "y": -0.6200000000000001,
                    "x": 2
                },
                "4,3"
            ],
            [
                {
                    "y": -0.8799999999999999,
                    "x": 1
                },
                "4,4"
            ],
            [
                {
                    "y": -0.5,
                    "x": 3
                },
                "5,2"
            ],
            [
                {
                    "y": -0.6200000000000001,
                    "x": 2
                },
                "5,3"
            ],
            [
                {
                    "y": -0.8799999999999999,
                    "x": 1
                },
                "5,4"
            ],
            [
                {
                    "y": -0.5,
                    "x": 3
                },
                "6,2"
            ],
            [
                {
                    "y": -0.6200000000000001,
                    "x": 2
                },
                "6,3"
            ],
            [
                {
                    "y": -0.8799999999999999,
                    "x": 1
                },
                "6,4"
            ],
            [
                {
                    "r": -13,
                    "y": -3.37,
                    "x": 4
                },
                "4,1"
            ],
            [
                {
                    "x": 4
                },
                "5,1"
            ],
            [
                {
                    "x": 4
                },
                "6,1"
            ],
            [
                {
                    "r": -10,
                    "y": -2.88,
                    "x": 5
                },
                "4,0"
            ],
            [
                {
                    "x": 5
                },
                "5,0"
            ],
            [
                {
                    "x": 5
                },
                "6,0"
            ]
        ]
    }
}
