{
    "lighting": "vialrgb",
    "matrix": {
        "rows": 8,
        "cols": 7
    },
    "layouts": {
        "keymap": [
            [
                {
                  "y": 1.25,
                  "x": 6.85
                },
                "0,0\n\n\n\n\n\n\n\n\ne"
              ],
              [
                {
                  "x": 6.85
                },
                "0,1\n\n\n\n\n\n\n\n\ne"
              ],
              [
                {
                  "x": 6.85
                },
                "6,6"
              ],
              [
                {
                  "r": 7,
                  "rx": 4.55,
                  "y": 0.8,
                  "x": -3
                },
                "1,0"
              ],
              [
                {
                  "y": -0.5,
                  "x": -4
                },
                "7,0"
              ],
              [
                {
                  "y": -0.4999999999999998,
                  "x": -3
                },
                "3,0"
              ],
              [
                {
                  "y": -0.5,
                  "x": -4
                },
                "7,1"
              ],
              [
                {
                  "y": -0.5,
                  "x": -3
                },
                "5,0"
              ],
              [
                {
                  "r": 11,
                  "y": -3.55,
                  "x": -1.75
                },
                "1,1"
              ],
              [
                {
                  "x": -1.75
                },
                "3,1"
              ],
              [
                {
                  "x": -1.75
                },
                "5,1"
              ],
              [
                {
                  "r": 15,
                  "y": -3.25,
                  "x": -0.5499999999999998
                },
                "0,2"
              ],
              [
                {
                  "y": -0.75,
                  "x": 0.4500000000000002
                },
                "0,1"
              ],
              [
                {
                  "y": -0.75,
                  "x": 1.4500000000000002
                },
                "1,2"
              ],
              [
                {
                  "y": -0.5,
                  "x": -0.5499999999999998
                },
                "2,2"
              ],
              [
                {
                  "y": -0.75,
                  "x": 0.4500000000000002
                },
                "2,1"
              ],
              [
                {
                  "y": -0.75,
                  "x": 1.4500000000000002
                },
                "1,3"
              ],
              [
                {
                  "y": -0.5,
                  "x": -0.5499999999999998
                },
                "4,2"
              ],
              [
                {
                  "y": -0.75,
                  "x": 0.4500000000000002
                },
                "4,1"
              ],
              [
                {
                  "y": -0.75,
                  "x": 1.4500000000000002
                },
                "3,2"
              ],
              [
                {
                  "r": 18,
                  "y": -0.10000000000000009,
                  "x": 0.35000000000000053
                },
                "6,2"
              ],
              [
                {
                  "r": 27,
                  "y": -1.2500000000000004,
                  "x": 2
                },
                "6,1"
              ],
              [
                {
                  "r": 35,
                  "y": -1.9500000000000002,
                  "x": 3.55,
                  "h": 1.5
                },
                "3,3"
              ],
              [
                {
                  "r": -35,
                  "rx": 10.3,
                  "y": 2.15,
                  "x": -4.700000000000001,
                  "h": 1.5
                },
                "7,3"
              ],
              [
                {
                  "r": -27,
                  "y": -0.04999999999999982,
                  "x": -3.1500000000000004
                },
                "6,4"
              ],
              [
                {
                  "r": -18,
                  "y": -0.6999999999999997,
                  "x": -1.5
                },
                "6,3"
              ],
              [
                {
                  "r": -15,
                  "y": -4.4,
                  "x": -0.6000000000000014
                },
                "0,3"
              ],
              [
                {
                  "y": -0.75,
                  "x": -1.6000000000000014
                },
                "0,4"
              ],
              [
                {
                  "y": -0.75,
                  "x": -2.6000000000000005
                },
                "5,2"
              ],
              [
                {
                  "y": -0.5,
                  "x": -0.6000000000000014
                },
                "2,3"
              ],
              [
                {
                  "y": -0.75,
                  "x": -1.6000000000000014
                },
                "2,4"
              ],
              [
                {
                  "y": -0.75,
                  "x": -2.6000000000000005
                },
                "5,3"
              ],
              [
                {
                  "y": -0.5,
                  "x": -0.6000000000000014
                },
                "4,3"
              ],
              [
                {
                  "y": -0.75,
                  "x": -1.6000000000000014
                },
                "4,4"
              ],
              [
                {
                  "y": -0.75,
                  "x": -2.6000000000000005
                },
                "7,2"
              ],
              [
                {
                  "r": -12,
                  "y": -3.25,
                  "x": 0.5499999999999989
                },
                "1,4"
              ],
              [
                {
                  "x": 0.5499999999999989
                },
                "3,4"
              ],
              [
                {
                  "x": 0.5499999999999989
                },
                "5,4"
              ],
              [
                {
                  "r": -8,
                  "y": -2.45,
                  "x": 1.799999999999999
                },
                "1,5"
              ],
              [
                {
                  "y": -0.4999999999999998,
                  "x": 2.799999999999999
                },
                "7,5"
              ],
              [
                {
                  "y": -0.4999999999999998,
                  "x": 1.799999999999999
                },
                "3,5"
              ],
              [
                {
                  "y": -0.5,
                  "x": 2.799999999999999
                },
                "7,4"
              ],
              [
                {
                  "y": -0.5,
                  "x": 1.799999999999999
                },
                "5,5"
            ]
        ]
    }
}
